stage,evaluation,active_effects,fixed_rate_margin_dB,delta_margin_dB,margin_min_dB,margin_max_dB,margin_peak_to_peak_dB,uplink_excess_attenuation_dB,downlink_excess_attenuation_dB,downlink_Tsys_K,fixed_rate_10Mbps_closed,selected_MODCOD,ACM_net_throughput_Mbps,interpretation
A0,cumulative,Thermal-noise-only static baseline,4.151581117444781,0.0,4.151581117444781,4.151581117444781,0.0,0.0,0.0,150.0,True,not evaluated,,Reference clear-sky fixed-rate link.
A1,cumulative,A0 + adjacent-satellite interference,3.706968843876055,-0.4446122735687261,3.706968843876055,3.706968843876055,0.0,0.0,0.0,150.0,True,not evaluated,,Isolates the ASI penalty.
A2,cumulative,A1 + transponder IMD,3.692795581102594,-0.014173262773461204,3.692795581102594,3.692795581102594,0.0,0.0,0.0,150.0,True,not evaluated,,Isolates the additional IMD penalty.
A3,cumulative,"A2 + gas, cloud, and scintillation; fixed Tsys",3.316508419736998,-0.37628716136559603,3.316508419736998,3.316508419736998,0.0,0.42540068384919516,0.406738098274861,150.0,True,not evaluated,,Adds non-rain ITU-R propagation loss.
A4,cumulative,A3 + rain attenuation; fixed Tsys,0.8828707215518392,-2.4336376981851586,0.8828707215518392,0.8828707215518392,0.0,3.6488886469228947,2.2872317023714515,150.0,True,not evaluated,,Adds rain carrier attenuation without rain-emission noise.
A5,cumulative,A4 + dynamic rain-emission Tsys,-0.024395598791734585,-0.9072663203435738,-0.024395598791734585,-0.024395598791734585,0.0,3.6488886469228947,2.2872317023714515,239.13406423681278,False,not evaluated,,Isolates the receiver-noise increase caused by the faded sky.
A6,response,A5 + DVB-S2 ACM selection,-0.024395598791734585,0.0,-0.024395598791734585,-0.024395598791734585,0.0,3.6488886469228947,2.2872317023714515,239.13406423681278,False,QPSK 1/2,29.66574,"ACM changes the service mode, not the physical fixed-rate margin."
D0,isolated diagnostic,ASI + IMD + dynamic Tsys in clear sky,3.993616930122835,0.30082134902024116,3.993616930122835,3.993616930122835,0.0,0.0,0.0,127.23638363457945,True,not evaluated,,The modeled clear-sky Tsys is compared with the fixed 150 K assumption.
D1,isolated diagnostic,D0 + 48-hour GEO station-keeping motion,3.993616930122835,,3.9832878931716227,4.000433325412992,0.017145432241369107,0.0,0.0,127.23638363457945,True,not evaluated,,Reports the margin envelope rather than a one-sided penalty.
